{
   "0":"This is 0",
   "1":"This is 1",
   "2":"This is 2",
   "3":"This is 3",
   "4":"This is 4",
   "5":"This is 5",
   "6":"This is 6",
   "7":"This is 7",
   "8":"This is 8",
   "9":"This is 9",
   "10":"This is 10",
   "11":"This is 11",
   "12":"This is 12",
   "13":"This is 13",
   "14":"This is 14",
   "15":"This is 15",
   "16":"This is 16",
   "17":"This is 17",
   "18":"This is 18",
   "19":"This is 19",
   "20":"This is 20",
   "21":"This is 21",
   "22":"This is 22",
   "23":"This is 23",
   "24":"This is 24",
   "25":"This is 25",
   "26":"This is 26",
   "27":"This is 27",
   "28":"This is 28",
   "29":"This is 29",
   "30":"This is 30",
   "31":"This is 31",
   "32":"This is 32",
   "33":"This is 33",
   "34":"This is 34",
   "35":"This is 35",
   "36":"This is 36",
   "37":"This is 37",
   "38":"This is 38",
   "39":"This is 39",
   "40":"This is 40",
   "41":"This is 41",
   "42":"This is 42",
   "43":"This is 43",
   "44":"This is 44",
   "45":"This is 45",
   "46":"This is 46",
   "47":"This is 47",
   "48":"This is 48",
   "49":"This is 49",
   "50":"This is 50",
   "51":"This is 51",
   "52":"This is 52",
   "53":"This is 53",
   "54":"This is 54",
   "55":"This is 55",
   "56":"This is 56",
   "57":"This is 57",
   "58":"This is 58",
   "59":"This is 59",
   "60":"This is 60",
   "61":"This is 61",
   "62":"This is 62",
   "63":"This is 63",
   "64":"This is 64",
   "65":"This is 65",
   "66":"This is 66",
   "67":"This is 67",
   "68":"This is 68",
   "69":"This is 69",
   "70":"This is 70",
   "71":"This is 71",
   "72":"This is 72",
   "73":"This is 73",
   "74":"This is 74",
   "75":"This is 75",
   "76":"This is 76",
   "77":"This is 77",
   "78":"This is 78",
   "79":"This is 79",
   "80":"This is 80"
}